<?xml version="1.0" encoding="UTF-8"?>
<project-private xmlns="http://www.netbeans.org/ns/project-private/1">
    <editor-bookmarks xmlns="http://www.netbeans.org/ns/editor-bookmarks/2" lastBookmarkId="0"/>
    <open-files xmlns="http://www.netbeans.org/ns/projectui-open-files/2">
        <group>
            <file>file:/C:/Users/Caleb%20Sellinger/OneDrive/Documents/School/CS3330/Challenge07/Crsb74MVCStopwatchFXMLS20/src/crsb74mvcstopwatchfxmls20/AnalogModel.java</file>
            <file>file:/C:/Users/Caleb%20Sellinger/OneDrive/Documents/School/CS3330/Challenge07/Crsb74MVCStopwatchFXMLS20/src/crsb74mvcstopwatchfxmls20/FXMLDocumentController.java</file>
            <file>file:/C:/Users/Caleb%20Sellinger/OneDrive/Documents/School/CS3330/Challenge07/Crsb74MVCStopwatchFXMLS20/src/crsb74mvcstopwatchfxmls20/AboutModel.java</file>
            <file>file:/C:/Users/Caleb%20Sellinger/OneDrive/Documents/School/CS3330/Challenge07/Crsb74MVCStopwatchFXMLS20/src/crsb74mvcstopwatchfxmls20/RecordModel.java</file>
            <file>file:/C:/Users/Caleb%20Sellinger/OneDrive/Documents/School/CS3330/Challenge07/Crsb74MVCStopwatchFXMLS20/src/crsb74mvcstopwatchfxmls20/AbstractModel.java</file>
            <file>file:/C:/Users/Caleb%20Sellinger/OneDrive/Documents/School/CS3330/Challenge07/Crsb74MVCStopwatchFXMLS20/src/crsb74mvcstopwatchfxmls20/Page2Controller.java</file>
            <file>file:/C:/Users/Caleb%20Sellinger/OneDrive/Documents/School/CS3330/Challenge07/Crsb74MVCStopwatchFXMLS20/src/crsb74mvcstopwatchfxmls20/DigitalModel.java</file>
        </group>
    </open-files>
</project-private>
